{
    "objects": [
        {
            "instanceID": -2016,
            "path": "UsineCharbonPrefab",
            "name": "UsineCharbonPrefab",
            "nomVille": "",
            "position": {
                "x": 0.12806394696235658,
                "y": -0.3499999940395355,
                "z": 1.055999994277954
            },
            "rotation": {
                "x": 0.0,
                "y": 142.5638427734375,
                "z": 0.0
            },
            "type": "Charbon",
            "scale": {
                "x": 0.9996251463890076,
                "y": 0.9996251463890076,
                "z": 0.9996251463890076
            },
            "electricalNetwork": 0,
            "production": 100.0,
            "etat": 100.0,
            "emissionCO2Ville": 0.0,
            "consommation": 0.0,
            "apportElectricite": 0.0,
            "tauxDeSatisfaction": 0.0,
            "nbHabitants": 0
        },
        {
            "instanceID": -2292,
            "path": "Paris",
            "name": "Paris",
            "nomVille": "Douzens",
            "position": {
                "x": 0.1602032333612442,
                "y": -0.3499999940395355,
                "z": 0.9080921411514282
            },
            "rotation": {
                "x": 0.0,
                "y": 107.69895935058594,
                "z": 0.0
            },
            "type": "ConsommateurClass",
            "scale": {
                "x": 0.9996251463890076,
                "y": 0.9996251463890076,
                "z": 0.9996251463890076
            },
            "electricalNetwork": 0,
            "production": 0.0,
            "etat": 0.0,
            "emissionCO2Ville": 80.0,
            "consommation": 96.0,
            "apportElectricite": 0.0,
            "tauxDeSatisfaction": 0.0,
            "nbHabitants": 84
        },
        {
            "instanceID": -2600,
            "path": "Chambery",
            "name": "Chambery",
            "nomVille": "Valleres",
            "position": {
                "x": -0.13204318284988404,
                "y": -0.3499999940395355,
                "z": 0.8959388732910156
            },
            "rotation": {
                "x": 0.0,
                "y": 319.809814453125,
                "z": 0.0
            },
            "type": "ConsommateurClass",
            "scale": {
                "x": 0.9996251463890076,
                "y": 0.9996251463890076,
                "z": 0.9996251463890076
            },
            "electricalNetwork": 0,
            "production": 0.0,
            "etat": 0.0,
            "emissionCO2Ville": 5.0,
            "consommation": 76.0,
            "apportElectricite": 0.0,
            "tauxDeSatisfaction": 0.0,
            "nbHabitants": 20
        },
        {
            "instanceID": -2908,
            "path": "Tourcquoin",
            "name": "Tourcquoin",
            "nomVille": "St donat",
            "position": {
                "x": -0.003938284702599049,
                "y": -0.3499999940395355,
                "z": 1.1040897369384766
            },
            "rotation": {
                "x": 0.0,
                "y": 70.61566925048828,
                "z": 0.0
            },
            "type": "ConsommateurClass",
            "scale": {
                "x": 0.9996251463890076,
                "y": 0.9996251463890076,
                "z": 0.9996251463890076
            },
            "electricalNetwork": 0,
            "production": 0.0,
            "etat": 0.0,
            "emissionCO2Ville": 75.0,
            "consommation": 44.0,
            "apportElectricite": 0.0,
            "tauxDeSatisfaction": 0.0,
            "nbHabitants": 26
        },
        {
            "instanceID": -3216,
            "path": "BigElectricPolePrefab",
            "name": "BigElectricPolePrefab",
            "nomVille": "",
            "position": {
                "x": -0.030815400183200837,
                "y": -0.3499999940395355,
                "z": 1.0
            },
            "rotation": {
                "x": 0.0,
                "y": 359.86492919921877,
                "z": 0.0
            },
            "type": "ElectricalNetwork",
            "scale": {
                "x": 0.9996251463890076,
                "y": 0.9996251463890076,
                "z": 0.9996251463890076
            },
            "electricalNetwork": 0,
            "production": 0.0,
            "etat": 0.0,
            "emissionCO2Ville": 0.0,
            "consommation": 0.0,
            "apportElectricite": 0.0,
            "tauxDeSatisfaction": 0.0,
            "nbHabitants": 0
        },
        {
            "instanceID": -3266,
            "path": "PanneauSolairePrefab",
            "name": "PanneauSolairePrefab",
            "nomVille": "",
            "position": {
                "x": 0.0,
                "y": -0.3499999940395355,
                "z": 0.890999972820282
            },
            "rotation": {
                "x": 0.0,
                "y": 359.86492919921877,
                "z": 0.0
            },
            "type": "Solaire",
            "scale": {
                "x": 0.9996251463890076,
                "y": 0.9996251463890076,
                "z": 0.9996251463890076
            },
            "electricalNetwork": 0,
            "production": 60.0,
            "etat": 100.0,
            "emissionCO2Ville": 0.0,
            "consommation": 0.0,
            "apportElectricite": 0.0,
            "tauxDeSatisfaction": 0.0,
            "nbHabitants": 0
        },
        {
            "instanceID": -3548,
            "path": "Eolienne",
            "name": "Eolienne",
            "nomVille": "",
            "position": {
                "x": -0.16808399558067323,
                "y": -0.3546941578388214,
                "z": 1.0399999618530274
            },
            "rotation": {
                "x": 0.0,
                "y": 179.86492919921876,
                "z": 0.0
            },
            "type": "Eolien",
            "scale": {
                "x": 0.9996251463890076,
                "y": 0.9996251463890076,
                "z": 0.9996251463890076
            },
            "electricalNetwork": 0,
            "production": 80.0,
            "etat": 100.0,
            "emissionCO2Ville": 0.0,
            "consommation": 0.0,
            "apportElectricite": 0.0,
            "tauxDeSatisfaction": 0.0,
            "nbHabitants": 0
        }
    ]
}