{
    "objects": [
        {
            "instanceID": -139086,
            "path": "UsineCharbonPrefab",
            "name": "UsineCharbonPrefab",
            "position": {
                "x": 0.12806394696235658,
                "y": -0.3499999940395355,
                "z": 1.055999994277954
            },
            "rotation": {
                "x": 0.0,
                "y": 142.12217712402345,
                "z": 0.0
            },
            "type": "Charbon",
            "scale": {
                "x": 0.9983974695205689,
                "y": 0.9983974695205689,
                "z": 0.9983974695205689
            },
            "electricalNetwork": 0,
            "production": 100.0,
            "etat": 100.0,
            "emissionCO2Ville": 0.0,
            "consommation": 0.0,
            "apportElectricite": 0.0,
            "tauxDeSatisfaction": 0.0,
            "nbHabitants": 0
        },
        {
            "instanceID": -139362,
            "path": "Paris",
            "name": "Paris",
            "position": {
                "x": 0.1602032333612442,
                "y": -0.3499999940395355,
                "z": 0.9080921411514282
            },
            "rotation": {
                "x": 0.0,
                "y": 107.25728607177735,
                "z": 0.0
            },
            "type": "ConsommateurClass",
            "scale": {
                "x": 0.9983974695205689,
                "y": 0.9983974695205689,
                "z": 0.9983974695205689
            },
            "electricalNetwork": 0,
            "production": 0.0,
            "etat": 0.0,
            "emissionCO2Ville": 93.0,
            "consommation": 17.0,
            "apportElectricite": 0.0,
            "tauxDeSatisfaction": 0.0,
            "nbHabitants": 3
        },
        {
            "instanceID": -139670,
            "path": "Chambery",
            "name": "Chambery",
            "position": {
                "x": -0.13204318284988404,
                "y": -0.3499999940395355,
                "z": 0.8959388732910156
            },
            "rotation": {
                "x": 0.0,
                "y": 319.36810302734377,
                "z": 0.0
            },
            "type": "ConsommateurClass",
            "scale": {
                "x": 0.9983974695205689,
                "y": 0.9983974695205689,
                "z": 0.9983974695205689
            },
            "electricalNetwork": 0,
            "production": 0.0,
            "etat": 0.0,
            "emissionCO2Ville": 66.0,
            "consommation": 6.0,
            "apportElectricite": 0.0,
            "tauxDeSatisfaction": 0.0,
            "nbHabitants": 59
        },
        {
            "instanceID": -139978,
            "path": "Tourcquoin",
            "name": "Tourcquoin",
            "position": {
                "x": -0.003938284702599049,
                "y": -0.3499999940395355,
                "z": 1.1040897369384766
            },
            "rotation": {
                "x": 0.0,
                "y": 70.1739501953125,
                "z": 0.0
            },
            "type": "ConsommateurClass",
            "scale": {
                "x": 0.9983974695205689,
                "y": 0.9983974695205689,
                "z": 0.9983974695205689
            },
            "electricalNetwork": 0,
            "production": 0.0,
            "etat": 0.0,
            "emissionCO2Ville": 15.0,
            "consommation": 9.0,
            "apportElectricite": 0.0,
            "tauxDeSatisfaction": 0.0,
            "nbHabitants": 21
        },
        {
            "instanceID": -140286,
            "path": "BigElectricPolePrefab",
            "name": "BigElectricPolePrefab",
            "position": {
                "x": -0.030815400183200837,
                "y": -0.3499999940395355,
                "z": 1.0
            },
            "rotation": {
                "x": 0.0,
                "y": 359.4232177734375,
                "z": 0.0
            },
            "type": "ElectricalNetwork",
            "scale": {
                "x": 0.9983974695205689,
                "y": 0.9983974695205689,
                "z": 0.9983974695205689
            },
            "electricalNetwork": 0,
            "production": 0.0,
            "etat": 0.0,
            "emissionCO2Ville": 0.0,
            "consommation": 0.0,
            "apportElectricite": 0.0,
            "tauxDeSatisfaction": 0.0,
            "nbHabitants": 0
        },
        {
            "instanceID": -140336,
            "path": "PanneauSolairePrefab",
            "name": "PanneauSolairePrefab",
            "position": {
                "x": 0.0,
                "y": -0.3499999940395355,
                "z": 0.890999972820282
            },
            "rotation": {
                "x": 0.0,
                "y": 359.4232177734375,
                "z": 0.0
            },
            "type": "Solaire",
            "scale": {
                "x": 0.9983974695205689,
                "y": 0.9983974695205689,
                "z": 0.9983974695205689
            },
            "electricalNetwork": 0,
            "production": 60.0,
            "etat": 100.0,
            "emissionCO2Ville": 0.0,
            "consommation": 0.0,
            "apportElectricite": 0.0,
            "tauxDeSatisfaction": 0.0,
            "nbHabitants": 0
        },
        {
            "instanceID": -140618,
            "path": "Eolienne",
            "name": "Eolienne",
            "position": {
                "x": -0.16808399558067323,
                "y": -0.3546941578388214,
                "z": 1.0399999618530274
            },
            "rotation": {
                "x": 0.0,
                "y": 179.4232177734375,
                "z": 0.0
            },
            "type": "Eolien",
            "scale": {
                "x": 0.9983974695205689,
                "y": 0.9983974695205689,
                "z": 0.9983974695205689
            },
            "electricalNetwork": 0,
            "production": 80.0,
            "etat": 100.0,
            "emissionCO2Ville": 0.0,
            "consommation": 0.0,
            "apportElectricite": 0.0,
            "tauxDeSatisfaction": 0.0,
            "nbHabitants": 0
        },
        {
            "instanceID": -144556,
            "path": "Eolienne",
            "name": "Eolienne",
            "position": {
                "x": 0.2784745991230011,
                "y": -0.3499999940395355,
                "z": 1.0134021043777466
            },
            "rotation": {
                "x": 0.0,
                "y": 0.0,
                "z": 0.0
            },
            "type": "Eolien",
            "scale": {
                "x": 0.9983974695205689,
                "y": 0.9983974695205689,
                "z": 0.9983974695205689
            },
            "electricalNetwork": 0,
            "production": 80.0,
            "etat": 100.0,
            "emissionCO2Ville": 0.0,
            "consommation": 0.0,
            "apportElectricite": 0.0,
            "tauxDeSatisfaction": 0.0,
            "nbHabitants": 0
        },
        {
            "instanceID": -144920,
            "path": "UsineCharbonPrefab",
            "name": "UsineCharbonPrefab",
            "position": {
                "x": 0.06799768656492233,
                "y": -0.3499999940395355,
                "z": 1.0240434408187867
            },
            "rotation": {
                "x": 0.0,
                "y": 0.0,
                "z": 0.0
            },
            "type": "Charbon",
            "scale": {
                "x": 0.9983974695205689,
                "y": 0.9983974695205689,
                "z": 0.9983974695205689
            },
            "electricalNetwork": 0,
            "production": 100.0,
            "etat": 100.0,
            "emissionCO2Ville": 0.0,
            "consommation": 0.0,
            "apportElectricite": 0.0,
            "tauxDeSatisfaction": 0.0,