{
    "objects": [
        {
            "instanceID": 53530,
            "path": "UsineCharbonPrefab",
            "name": "UsineCharbonPrefab",
            "nomVille": "",
            "position": {
                "x": 0.12806394696235658,
                "y": -0.3499999940395355,
                "z": 1.055999994277954
            },
            "rotation": {
                "x": 0.0,
                "y": 141.28118896484376,
                "z": 0.0
            },
            "type": "Charbon",
            "scale": {
                "x": 0.9960616827011108,
                "y": 0.9960616827011108,
                "z": 0.9960616827011108
            },
            "electricalNetwork": 53974,
            "production": 100.0,
            "etat": 79.95273751020432,
            "emissionCO2Ville": 0.0,
            "consommation": 0.0,
            "apportElectricite": 0.0,
            "tauxDeSatisfaction": 0.0,
            "nbHabitants": 0
        },
        {
            "instanceID": 51646,
            "path": "Paris",
            "name": "Paris",
            "nomVille": "Remauville\r",
            "position": {
                "x": 0.1602032333612442,
                "y": -0.3499999940395355,
                "z": 0.9080921411514282
            },
            "rotation": {
                "x": 0.0,
                "y": 106.41629791259766,
                "z": 0.0
            },
            "type": "ConsommateurClass",
            "scale": {
                "x": 0.9960616827011108,
                "y": 0.9960616827011108,
                "z": 0.9960616827011108
            },
            "electricalNetwork": 53974,
            "production": 0.0,
            "etat": 0.0,
            "emissionCO2Ville": 15.0,
            "consommation": 65.0,
            "apportElectricite": 65.0,
            "tauxDeSatisfaction": 0.0,
            "nbHabitants": 55
        },
        {
            "instanceID": 53432,
            "path": "Chambery",
            "name": "Chambery",
            "nomVille": "Etrembieres\r",
            "position": {
                "x": 0.16575899720191956,
                "y": -0.3499999940395355,
                "z": 0.913734495639801
            },
            "rotation": {
                "x": 0.0,
                "y": 318.527099609375,
                "z": 0.0
            },
            "type": "ConsommateurClass",
            "scale": {
                "x": 0.9960616827011108,
                "y": 0.9960616827011108,
                "z": 0.9960616827011108
            },
            "electricalNetwork": 53974,
            "production": 0.0,
            "etat": 0.0,
            "emissionCO2Ville": 49.0,
            "consommation": 85.0,
            "apportElectricite": 35.0,
            "tauxDeSatisfaction": 0.0,
            "nbHabitants": 58
        },
        {
            "instanceID": 51198,
            "path": "Tourcquoin",
            "name": "Tourcquoin",
            "nomVille": "Fouqueure\r",
            "position": {
                "x": -0.003938284702599049,
                "y": -0.3499999940395355,
                "z": 1.1040897369384766
            },
            "rotation": {
                "x": 0.0,
                "y": 69.33293151855469,
                "z": 0.0
            },
            "type": "ConsommateurClass",
            "scale": {
                "x": 0.9960616827011108,
                "y": 0.9960616827011108,
                "z": 0.9960616827011108
            },
            "electricalNetwork": 0,
            "production": 0.0,
            "etat": 0.0,
            "emissionCO2Ville": 28.0,
            "consommation": 0.0,
            "apportElectricite": 0.0,
            "tauxDeSatisfaction": 0.0,
            "nbHabitants": 42
        },
        {
            "instanceID": 53974,
            "path": "BigElectricPolePrefab",
            "name": "BigElectricPolePrefab",
            "nomVille": "",
            "position": {
                "x": 0.25548693537712099,
                "y": -0.3499999940395355,
                "z": 1.0086157321929932
            },
            "rotation": {
                "x": 0.0,
                "y": 358.5822448730469,
                "z": 0.0
            },
            "type": "ElectricalNetwork",
            "scale": {
                "x": 0.9960616827011108,
                "y": 0.9960616827011108,
                "z": 0.9960616827011108
            },
            "electricalNetwork": 0,
            "production": 0.0,
            "etat": 0.0,
            "emissionCO2Ville": 0.0,
            "consommation": 0.0,
            "apportElectricite": 0.0,
            "tauxDeSatisfaction": 0.0,
            "nbHabitants": 0
        },
        {
            "instanceID": 52600,
            "path": "PanneauSolairePrefab",
            "name": "PanneauSolairePrefab",
            "nomVille": "",
            "position": {
                "x": 0.0,
                "y": -0.3499999940395355,
                "z": 0.890999972820282
            },
            "rotation": {
                "x": 0.0,
                "y": 358.5822448730469,
                "z": 0.0
            },
            "type": "Solaire",
            "scale": {
                "x": 0.9960616827011108,
                "y": 0.9960616827011108,
                "z": 0.9960616827011108
            },
            "electricalNetwork": 0,
            "production": 60.0,
            "etat": 100.0,
            "emissionCO2Ville": 0.0,
            "consommation": 0.0,
            "apportElectricite": 0.0,
            "tauxDeSatisfaction": 0.0,
            "nbHabitants": 0
        },
        {
            "instanceID": 54100,
            "path": "Eolienne",
            "name": "Eolienne",
            "nomVille": "",
            "position": {
                "x": -0.16808399558067323,
                "y": -0.3546941578388214,
                "z": 1.0399999618530274
            },
            "rotation": {
                "x": 0.0,
                "y": 178.582275390625,
                "z": 0.0
            },
            "type": "Eolien",
            "scale": {
                "x": 0.9960616827011108,
                "y": 0.9960616827011108,
                "z": 0.9960616827011108
            },
            "electricalNetwork": 0,
            "production": 80.0,
            "etat": 100.0,
            "emissionCO2Ville": 0.0,
            "consommation": 0.0,
            "apportElectricite": 0.0,
            "tauxDeSatisfaction": 0.0,
            "nbHabitants": 0
        }
    ]
}