{
    "objects": [
        {
            "instanceID": -2016,
            "path": "UsineCharbonPrefab",
            "name": "UsineCharbonPrefab",
            "nomVille": "",
            "position": {
                "x": 6.399997234344482,
                "y": 0.0,
                "z": 2.799999713897705
            },
            "rotation": {
                "x": 0.0,
                "y": 138.96385192871095,
                "z": 0.0
            },
            "type": "Charbon",
            "scale": {
                "x": 0.9896249175071716,
                "y": 0.9896249175071716,
                "z": 0.9896249175071716
            },
            "electricalNetwork": 0,
            "production": 100.0,
            "etat": 100.0,
            "emissionCO2Ville": 0.0,
            "consommation": 0.0,
            "apportElectricite": 0.0,
            "tauxDeSatisfaction": 0.0,
            "nbHabitants": 0
        },
        {
            "instanceID": -2292,
            "path": "Paris",
            "name": "Paris",
            "nomVille": "Chambéry",
            "position": {
                "x": 8.006158828735352,
                "y": 0.0,
                "z": -4.595393180847168
            },
            "rotation": {
                "x": 0.0,
                "y": 104.09894561767578,
                "z": 0.0
            },
            "type": "ConsommateurClass",
            "scale": {
                "x": 0.9896249175071716,
                "y": 0.9896249175071716,
                "z": 0.9896249175071716
            },
            "electricalNetwork": 0,
            "production": 0.0,
            "etat": 0.0,
            "emissionCO2Ville": 0.0,
            "consommation": 0.0,
            "apportElectricite": 0.0,
            "tauxDeSatisfaction": 0.0,
            "nbHabitants": 0
        },
        {
            "instanceID": -2600,
            "path": "Chambery",
            "name": "Chambery",
            "nomVille": "Chambéry",
            "position": {
                "x": -10.980098724365235,
                "y": 0.0,
                "z": 5.547022819519043
            },
            "rotation": {
                "x": 0.0,
                "y": 316.20977783203127,
                "z": 0.0
            },
            "type": "ConsommateurClass",
            "scale": {
                "x": 0.9896249175071716,
                "y": 0.9896249175071716,
                "z": 0.9896249175071716
            },
            "electricalNetwork": 0,
            "production": 0.0,
            "etat": 0.0,
            "emissionCO2Ville": 0.0,
            "consommation": 0.0,
            "apportElectricite": 0.0,
            "tauxDeSatisfaction": 0.0,
            "nbHabitants": 0
        },
        {
            "instanceID": -2908,
            "path": "Tourcquoin",
            "name": "Tourcquoin",
            "nomVille": "Chambéry",
            "position": {
                "x": -0.19681581854820252,
                "y": 0.0,
                "z": 5.204486846923828
            },
            "rotation": {
                "x": 0.0,
                "y": 67.01561737060547,
                "z": 0.0
            },
            "type": "ConsommateurClass",
            "scale": {
                "x": 0.9896249175071716,
                "y": 0.9896249175071716,
                "z": 0.9896249175071716
            },
            "electricalNetwork": 0,
            "production": 0.0,
            "etat": 0.0,
            "emissionCO2Ville": 0.0,
            "consommation": 0.0,
            "apportElectricite": 0.0,
            "tauxDeSatisfaction": 0.0,
            "nbHabitants": 0
        },
        {
            "instanceID": -3216,
            "path": "BigElectricPolePrefab",
            "name": "BigElectricPolePrefab",
            "nomVille": "",
            "position": {
                "x": -1.5399999618530274,
                "y": 0.0,
                "z": 0.0
            },
            "rotation": {
                "x": 0.0,
                "y": 356.264892578125,
                "z": 0.0
            },
            "type": "ElectricalNetwork",
            "scale": {
                "x": 0.9896249175071716,
                "y": 0.9896249175071716,
                "z": 0.9896249175071716
            },
            "electricalNetwork": 0,
            "production": 0.0,
            "etat": 0.0,
            "emissionCO2Ville": 0.0,
            "consommation": 0.0,
            "apportElectricite": 0.0,
            "tauxDeSatisfaction": 0.0,
            "nbHabitants": 0
        },
        {
            "instanceID": -3266,
            "path": "PanneauSolairePrefab",
            "name": "PanneauSolairePrefab",
            "nomVille": "",
            "position": {
                "x": -9.230388641357422,
                "y": 0.0,
                "z": 6.52797794342041
            },
            "rotation": {
                "x": 0.0,
                "y": 356.264892578125,
                "z": 0.0
            },
            "type": "Solaire",
            "scale": {
                "x": 0.9896249175071716,
                "y": 0.9896249175071716,
                "z": 0.9896249175071716
            },
            "electricalNetwork": 0,
            "production": 60.0,
            "etat": 100.0,
            "emissionCO2Ville": 0.0,
            "consommation": 0.0,
            "apportElectricite": 0.0,
            "tauxDeSatisfaction": 0.0,
            "nbHabitants": 0
        },
        {
            "instanceID": -3548,
            "path": "Eolienne",
            "name": "Eolienne",
            "nomVille": "",
            "position": {
                "x": -8.399999618530274,
                "y": -0.23470839858055116,
                "z": 2.0
            },
            "rotation": {
                "x": 0.0,
                "y": 176.26487731933595,
                "z": 0.0
            },
            "type": "Eolien",
            "scale": {
                "x": 0.9896249175071716,
                "y": 0.9896249175071716,
                "z": 0.9896249175071716
            },
            "electricalNetwork": 0,
            "production": 80.0,
            "etat": 100.0,
            "emissionCO2Ville": 0.0,
            "consommation": 0.0,
            "apportElectricite": 0.0,
            "tauxDeSatisfaction": 0.0,
            "nbHabitants": 0
        }
    ]
}